-- phpMyAdmin SQL Dump
-- version 4.8.4
-- https://www.phpmyadmin.net/
--
-- Hôte : 127.0.0.1:3305
-- Généré le :  sam. 23 mars 2019 à 19:24
-- Version du serveur :  5.7.24
-- Version de PHP :  7.2.14

SET SQL_MODE = "NO_AUTO_VALUE_ON_ZERO";
SET AUTOCOMMIT = 0;
START TRANSACTION;
SET time_zone = "+00:00";


/*!40101 SET @OLD_CHARACTER_SET_CLIENT=@@CHARACTER_SET_CLIENT */;
/*!40101 SET @OLD_CHARACTER_SET_RESULTS=@@CHARACTER_SET_RESULTS */;
/*!40101 SET @OLD_COLLATION_CONNECTION=@@COLLATION_CONNECTION */;
/*!40101 SET NAMES utf8mb4 */;

--
-- Base de données :  `mykitbox`
--

-- --------------------------------------------------------

--
-- Structure de la table `client`
--

DROP TABLE IF EXISTS `client`;
CREATE TABLE IF NOT EXISTS `client` (
  `idclient` int(11) NOT NULL AUTO_INCREMENT,
  `firstname` varchar(40) NOT NULL,
  `lastname` varchar(40) NOT NULL,
  `adress` varchar(50) NOT NULL,
  `zip` int(15) NOT NULL,
  `phonenumber` int(20) NOT NULL,
  PRIMARY KEY (`idclient`)
) ENGINE=InnoDB AUTO_INCREMENT=2 DEFAULT CHARSET=latin1;

-- --------------------------------------------------------

--
-- Structure de la table `client_command`
--

DROP TABLE IF EXISTS `client_command`;
CREATE TABLE IF NOT EXISTS `client_command` (
  `idcom` int(11) NOT NULL AUTO_INCREMENT,
  `idclient` int(11) NOT NULL,
  `date` timestamp NOT NULL DEFAULT CURRENT_TIMESTAMP,
  `description` varchar(150) NOT NULL,
  `command_status` varchar(30) NOT NULL DEFAULT 'Commandée',
  `payment_status` varchar(30) DEFAULT NULL,
  PRIMARY KEY (`idcom`),
  KEY `idclient` (`idclient`)
) ENGINE=InnoDB AUTO_INCREMENT=3 DEFAULT CHARSET=latin1;

-- --------------------------------------------------------

--
-- Structure de la table `client_piecescommand`
--

DROP TABLE IF EXISTS `client_piecescommand`;
CREATE TABLE IF NOT EXISTS `client_piecescommand` (
  `idcom` int(11) NOT NULL,
  `code` varchar(20) NOT NULL,
  `quantity` int(11) NOT NULL,
  KEY `idcom` (`idcom`),
  KEY `code` (`code`)
) ENGINE=InnoDB DEFAULT CHARSET=latin1;

-- --------------------------------------------------------

--
-- Structure de la table `piece`
--

DROP TABLE IF EXISTS `piece`;
CREATE TABLE IF NOT EXISTS `piece` (
  `code` varchar(20) NOT NULL,
  `ref` varchar(20) NOT NULL,
  `dimension` varchar(20) NOT NULL,
  `height` int(11) NOT NULL,
  `depth` int(11) NOT NULL,
  `width` int(11) NOT NULL,
  `color` varchar(30) NOT NULL,
  `min_stock` int(11) NOT NULL,
  `real_quantity` int(11) NOT NULL,
  `virtual_quantity` int(11) NOT NULL,
  `command_quantity` int(11) NOT NULL,
  `client_price` float NOT NULL,
  `box_number` int(2) NOT NULL,
  PRIMARY KEY (`code`)
) ENGINE=InnoDB DEFAULT CHARSET=latin1;

--
-- Déchargement des données de la table `piece`
--

INSERT INTO `piece` (`code`, `ref`, `dimension`, `height`, `depth`, `width`, `color`, `min_stock`, `real_quantity`, `virtual_quantity`, `command_quantity`, `client_price`, `box_number`) VALUES
('COR100BLDEC', 'Cornieres', '100(h)decoupee', 100, 0, 0, 'Blanc', 32, 85, 85, 0, 1.72, 4),
('COR100BRDEC', 'Cornieres', '100(h)decoupee', 100, 0, 0, 'Brun', 32, 84, 84, 0, 1.38, 4),
('COR100GLDEC', 'Cornieres', '100(h)decoupee', 100, 0, 0, 'Galvanise', 32, 84, 84, 0, 1.72, 4),
('COR100NRDEC', 'Cornieres', '100(h)decoupee', 100, 0, 0, 'Noir', 32, 87, 87, 0, 1.2, 4),
('COR108BL', 'Cornieres', '3x32(h)', 108, 0, 0, 'Blanc', 32, 84, 84, 0, 0.97, 4),
('COR108BR', 'Cornieres', '3x32(h)', 108, 0, 0, 'Brun', 32, 87, 87, 0, 0.776, 4),
('COR108GL', 'Cornieres', '3x32(h)', 108, 0, 0, 'Galvanise', 32, 87, 87, 0, 0.97, 4),
('COR108NR', 'Cornieres', '3x32(h)', 108, 0, 0, 'Noir', 32, 86, 86, 0, 0.679, 4),
('COR112BL', 'Cornieres', '2x52(h)', 112, 0, 0, 'Blanc', 32, 82, 82, 0, 1.06, 4),
('COR112BR', 'Cornieres', '2x52(h)', 112, 0, 0, 'Brun', 32, 82, 82, 0, 0.848, 4),
('COR112GL', 'Cornieres', '2x52(h)', 112, 0, 0, 'Galvanise', 32, 88, 88, 0, 1.06, 4),
('COR112NR', 'Cornieres', '2x52(h)', 112, 0, 0, 'Noir', 32, 89, 89, 0, 0.742, 4),
('COR125BLDEC', 'Cornieres', '125(h)decoupee', 125, 0, 0, 'Blanc', 32, 83, 83, 0, 1.94, 4),
('COR125BRDEC', 'Cornieres', '125(h)decoupee', 125, 0, 0, 'Brun', 32, 84, 84, 0, 1.55, 4),
('COR125GLDEC', 'Cornieres', '125(h)decoupee', 125, 0, 0, 'Galvanise', 32, 83, 83, 0, 1.94, 4),
('COR125NRDEC', 'Cornieres', '125(h)decoupee', 125, 0, 0, 'Noir', 32, 86, 86, 0, 1.36, 4),
('COR138BL', 'Cornieres', '3x42(h)', 138, 0, 0, 'Blanc', 32, 83, 83, 0, 1.27, 4),
('COR138BR', 'Cornieres', '3x42(h)', 138, 0, 0, 'Brun', 32, 87, 87, 0, 1.016, 4),
('COR138GL', 'Cornieres', '3x42(h)', 138, 0, 0, 'Galvanise', 32, 89, 89, 0, 1.27, 4),
('COR138NR', 'Cornieres', '3x42(h)', 138, 0, 0, 'Noir', 32, 83, 83, 0, 0.889, 4),
('COR144BL', 'Cornieres', '4x32(h)', 144, 0, 0, 'Blanc', 32, 86, 86, 0, 1.28, 4),
('COR144BR', 'Cornieres', '4x32(h)', 144, 0, 0, 'Brun', 32, 87, 87, 0, 1.024, 4),
('COR144GL', 'Cornieres', '4x32(h)', 144, 0, 0, 'Galvanise', 32, 84, 84, 0, 1.28, 4),
('COR144NR', 'Cornieres', '4x32(h)', 144, 0, 0, 'Noir', 32, 88, 88, 0, 0.896, 4),
('COR150BLDEC', 'Cornieres', '150(h)decoupee', 150, 0, 0, 'Blanc', 32, 89, 89, 0, 2.54, 4),
('COR150BRDEC', 'Cornieres', '150(h)decoupee', 150, 0, 0, 'Brun', 32, 87, 87, 0, 2.03, 4),
('COR150GLDEC', 'Cornieres', '150(h)decoupee', 150, 0, 0, 'Galvanise', 32, 87, 87, 0, 2.54, 4),
('COR150NRDEC', 'Cornieres', '150(h)decoupee', 150, 0, 0, 'Noir', 32, 87, 87, 0, 1.78, 4),
('COR168BL', 'Cornieres', '3x52(h)', 168, 0, 0, 'Blanc', 32, 89, 89, 0, 1.57, 4),
('COR168BR', 'Cornieres', '3x52(h)', 168, 0, 0, 'Brun', 32, 83, 83, 0, 1.256, 4),
('COR168GL', 'Cornieres', '3x52(h)', 168, 0, 0, 'Galvanise', 32, 88, 88, 0, 1.57, 4),
('COR168NR', 'Cornieres', '3x52(h)', 168, 0, 0, 'Noir', 32, 80, 80, 0, 1.099, 4),
('COR175BLDEC', 'Cornieres', '175(h)decoupee', 175, 0, 0, 'Blanc', 32, 81, 81, 0, 3.14, 4),
('COR175BRDEC', 'Cornieres', '175(h)decoupee', 175, 0, 0, 'Brun', 32, 83, 83, 0, 2.51, 4),
('COR175GLDEC', 'Cornieres', '175(h)decoupee', 175, 0, 0, 'Galvanise', 32, 86, 86, 0, 3.14, 4),
('COR175NRDEC', 'Cornieres', '175(h)decoupee', 175, 0, 0, 'Noir', 32, 85, 85, 0, 2.2, 4),
('COR180BL', 'Cornieres', '5x32(h)', 180, 0, 0, 'Blanc', 32, 89, 89, 0, 1.59, 4),
('COR180BR', 'Cornieres', '5x32(h)', 180, 0, 0, 'Brun', 32, 89, 89, 0, 1.272, 4),
('COR180GL', 'Cornieres', '5x32(h)', 180, 0, 0, 'Galvanise', 32, 84, 84, 0, 1.59, 4),
('COR180NR', 'Cornieres', '5x32(h)', 180, 0, 0, 'Noir', 32, 83, 83, 0, 1.113, 4),
('COR184BL', 'Cornieres', '4x42(h)', 184, 0, 0, 'Blanc', 32, 89, 89, 0, 1.68, 4),
('COR184BR', 'Cornieres', '4x42(h)', 184, 0, 0, 'Brun', 32, 84, 84, 0, 1.344, 4),
('COR184GL', 'Cornieres', '4x42(h)', 184, 0, 0, 'Galvanise', 32, 86, 86, 0, 1.68, 4),
('COR184NR', 'Cornieres', '4x42(h)', 184, 0, 0, 'Noir', 32, 88, 88, 0, 1.176, 4),
('COR200BLDEC', 'Cornieres', '200(h)decoupee', 200, 0, 0, 'Blanc', 32, 85, 85, 0, 3.36, 4),
('COR200BRDEC', 'Cornieres', '200(h)decoupee', 200, 0, 0, 'Brun', 32, 86, 86, 0, 2.69, 4),
('COR200GLDEC', 'Cornieres', '200(h)decoupee', 200, 0, 0, 'Galvanise', 32, 84, 84, 0, 3.36, 4),
('COR200NRDEC', 'Cornieres', '200(h)decoupee', 200, 0, 0, 'Noir', 32, 90, 90, 0, 2.35, 4),
('COR216BL', 'Cornieres', '6x32(h)', 216, 0, 0, 'Blanc', 32, 84, 84, 0, 1.9, 4),
('COR216BR', 'Cornieres', '6x32(h)', 216, 0, 0, 'Brun', 32, 81, 81, 0, 1.52, 4),
('COR216GL', 'Cornieres', '6x32(h)', 216, 0, 0, 'Galvanise', 32, 88, 88, 0, 1.9, 4),
('COR216NR', 'Cornieres', '6x32(h)', 216, 0, 0, 'Noir', 32, 80, 80, 0, 1.33, 4),
('COR224BL', 'Cornieres', '4x52(h)', 224, 0, 0, 'Blanc', 32, 84, 84, 0, 2.08, 4),
('COR224BR', 'Cornieres', '4x52(h)', 224, 0, 0, 'Brun', 32, 83, 83, 0, 1.664, 4),
('COR224GL', 'Cornieres', '4x52(h)', 224, 0, 0, 'Galvanise', 32, 87, 87, 0, 2.08, 4),
('COR224NR', 'Cornieres', '4x52(h)', 224, 0, 0, 'Noir', 32, 84, 84, 0, 1.456, 4),
('COR225BLDEC', 'Cornieres', '225(h)decoupee', 225, 0, 0, 'Blanc', 32, 88, 88, 0, 3.8, 4),
('COR225BRDEC', 'Cornieres', '225(h)decoupee', 225, 0, 0, 'Brun', 32, 86, 86, 0, 3.04, 4),
('COR225GLDEC', 'Cornieres', '225(h)decoupee', 225, 0, 0, 'Galvanise', 32, 86, 86, 0, 3.8, 4),
('COR225NRDEC', 'Cornieres', '225(h)decoupee', 225, 0, 0, 'Noir', 32, 88, 88, 0, 2.66, 4),
('COR230BL', 'Cornieres', '5x42(h)', 230, 0, 0, 'Blanc', 32, 83, 83, 0, 2.09, 4),
('COR230BR', 'Cornieres', '5x42(h)', 230, 0, 0, 'Brun', 32, 80, 80, 0, 1.672, 4),
('COR230GL', 'Cornieres', '5x42(h)', 230, 0, 0, 'Galvanise', 32, 88, 88, 0, 2.09, 4),
('COR230NR', 'Cornieres', '5x42(h)', 230, 0, 0, 'Noir', 32, 83, 83, 0, 1.463, 4),
('COR250BLDEC', 'Cornieres', '250(h)decoupee', 250, 0, 0, 'Blanc', 32, 87, 87, 0, 4.42, 4),
('COR250BRDEC', 'Cornieres', '250(h)decoupee', 250, 0, 0, 'Brun', 32, 81, 81, 0, 3.54, 4),
('COR250GLDEC', 'Cornieres', '250(h)decoupee', 250, 0, 0, 'Galvanise', 32, 82, 82, 0, 4.42, 4),
('COR250NRDEC', 'Cornieres', '250(h)decoupee', 250, 0, 0, 'Noir', 32, 86, 86, 0, 3.09, 4),
('COR252BL', 'Cornieres', '7x32(h)', 252, 0, 0, 'Blanc', 32, 80, 80, 0, 2.21, 4),
('COR252BR', 'Cornieres', '7x32(h)', 252, 0, 0, 'Brun', 32, 89, 89, 0, 1.768, 4),
('COR252GL', 'Cornieres', '7x32(h)', 252, 0, 0, 'Galvanise', 32, 89, 89, 0, 2.21, 4),
('COR252NR', 'Cornieres', '7x32(h)', 252, 0, 0, 'Noir', 32, 80, 80, 0, 1.547, 4),
('COR275BLDEC', 'Cornieres', '275(h)decoupee', 275, 0, 0, 'Blanc', 32, 82, 82, 0, 5, 4),
('COR275BRDEC', 'Cornieres', '275(h)decoupee', 275, 0, 0, 'Brun', 32, 82, 82, 0, 4, 4),
('COR275GLDEC', 'Cornieres', '275(h)decoupee', 275, 0, 0, 'Galvanise', 32, 87, 87, 0, 5, 4),
('COR275NRDEC', 'Cornieres', '275(h)decoupee', 275, 0, 0, 'Noir', 32, 81, 81, 0, 3.5, 4),
('COR276BL', 'Cornieres', '6x42(h)', 276, 0, 0, 'Blanc', 32, 86, 86, 0, 2.5, 4),
('COR276BR', 'Cornieres', '6x42(h)', 276, 0, 0, 'Brun', 32, 90, 90, 0, 2, 4),
('COR276GL', 'Cornieres', '6x42(h)', 276, 0, 0, 'Galvanise', 32, 81, 81, 0, 2.5, 4),
('COR276NR', 'Cornieres', '6x42(h)', 276, 0, 0, 'Noir', 32, 83, 83, 0, 1.75, 4),
('COR280BL', 'Cornieres', '5x52(h)', 280, 0, 0, 'Blanc', 32, 84, 84, 0, 2.59, 4),
('COR280BR', 'Cornieres', '5x52(h)', 280, 0, 0, 'Brun', 32, 86, 86, 0, 2.072, 4),
('COR280GL', 'Cornieres', '5x52(h)', 280, 0, 0, 'Galvanise', 32, 86, 86, 0, 2.59, 4),
('COR280NR', 'Cornieres', '5x52(h)', 280, 0, 0, 'Noir', 32, 86, 86, 0, 1.813, 4),
('COR300BLDEC', 'Cornieres', '300(h)decoupee', 300, 0, 0, 'Blanc', 32, 90, 90, 0, 5.18, 4),
('COR300BRDEC', 'Cornieres', '300(h)decoupee', 300, 0, 0, 'Brun', 32, 88, 88, 0, 4.14, 4),
('COR300GLDEC', 'Cornieres', '300(h)decoupee', 300, 0, 0, 'Galvanise', 32, 83, 83, 0, 5.18, 4),
('COR300NRDEC', 'Cornieres', '300(h)decoupee', 300, 0, 0, 'Noir', 32, 84, 84, 0, 3.63, 4),
('COR325BLDEC', 'Cornieres', '325(h)decoupee', 325, 0, 0, 'Blanc', 32, 86, 86, 0, 5.18, 4),
('COR325BRDEC', 'Cornieres', '325(h)decoupee', 325, 0, 0, 'Brun', 32, 88, 88, 0, 4.14, 4),
('COR325GLDEC', 'Cornieres', '325(h)decoupee', 325, 0, 0, 'Galvanise', 32, 90, 90, 0, 5.18, 4),
('COR325NRDEC', 'Cornieres', '325(h)decoupee', 325, 0, 0, 'Noir', 32, 87, 87, 0, 3.63, 4),
('COR350BLDEC', 'Cornieres', '350(h)decoupee', 350, 0, 0, 'Blanc', 32, 84, 84, 0, 5.18, 4),
('COR350BRDEC', 'Cornieres', '350(h)decoupee', 350, 0, 0, 'Brun', 32, 84, 84, 0, 4.14, 4),
('COR350GLDEC', 'Cornieres', '350(h)decoupee', 350, 0, 0, 'Galvanise', 32, 83, 83, 0, 5.18, 4),
('COR350NRDEC', 'Cornieres', '350(h)decoupee', 350, 0, 0, 'Noir', 32, 85, 85, 0, 3.63, 4),
('COR36BL', 'Cornieres', '1x32(h)', 36, 0, 0, 'Blanc', 32, 84, 84, 0, 0.35, 4),
('COR36BR', 'Cornieres', '1x32(h)', 36, 0, 0, 'Brun', 32, 82, 82, 0, 0.28, 4),
('COR36GL', 'Cornieres', '1x32(h)', 36, 0, 0, 'Galvanise', 32, 81, 81, 0, 0.35, 4),
('COR36NR', 'Cornieres', '1x32(h)', 36, 0, 0, 'Noir', 32, 84, 84, 0, 0.245, 4),
('COR375BLDEC', 'Cornieres', '375(h)decoupee', 375, 0, 0, 'Blanc', 32, 82, 82, 0, 5.18, 4),
('COR375BRDEC', 'Cornieres', '375(h)decoupee', 375, 0, 0, 'Brun', 32, 81, 81, 0, 4.14, 4),
('COR375GLDEC', 'Cornieres', '375(h)decoupee', 375, 0, 0, 'Galvanise', 32, 86, 86, 0, 5.18, 4),
('COR375NRDEC', 'Cornieres', '375(h)decoupee', 375, 0, 0, 'Noir', 32, 89, 89, 0, 3.63, 4),
('COR46BL', 'Cornieres', '1x42(h)', 46, 0, 0, 'Blanc', 32, 89, 89, 0, 0.45, 4),
('COR46BR', 'Cornieres', '1x42(h)', 46, 0, 0, 'Brun', 32, 87, 87, 0, 0.36, 4),
('COR46GL', 'Cornieres', '1x42(h)', 46, 0, 0, 'Galvanise', 32, 82, 82, 0, 0.45, 4),
('COR46NR', 'Cornieres', '1x42(h)', 46, 0, 0, 'Noir', 32, 90, 90, 0, 0.315, 4),
('COR50BLDEC', 'Cornieres', '50(h)decoupee', 50, 0, 0, 'Blanc', 32, 84, 84, 0, 1.1, 4),
('COR50BRDEC', 'Cornieres', '50(h)decoupee', 50, 0, 0, 'Brun', 32, 86, 86, 0, 0.88, 4),
('COR50GLDEC', 'Cornieres', '50(h)decoupee', 50, 0, 0, 'Galvanise', 32, 82, 82, 0, 1.1, 4),
('COR50NRDEC', 'Cornieres', '50(h)decoupee', 50, 0, 0, 'Noir', 32, 82, 82, 0, 0.77, 4),
('COR56BL', 'Cornieres', '1x52(h)', 56, 0, 0, 'Blanc', 32, 89, 89, 0, 0.55, 4),
('COR56BR', 'Cornieres', '1x52(h)', 56, 0, 0, 'Brun', 32, 86, 86, 0, 0.44, 4),
('COR56GL', 'Cornieres', '1x52(h)', 56, 0, 0, 'Galvanise', 32, 82, 82, 0, 0.55, 4),
('COR56NR', 'Cornieres', '1x52(h)', 56, 0, 0, 'Noir', 32, 89, 89, 0, 0.385, 4),
('COR72BL', 'Cornieres', '2x32(h)', 72, 0, 0, 'Blanc', 32, 82, 82, 0, 0.66, 4),
('COR72BR', 'Cornieres', '2x32(h)', 72, 0, 0, 'Brun', 32, 85, 85, 0, 0.528, 4),
('COR72GL', 'Cornieres', '2x32(h)', 72, 0, 0, 'Galvanise', 32, 83, 83, 0, 0.66, 4),
('COR72NR', 'Cornieres', '2x32(h)', 72, 0, 0, 'Noir', 32, 81, 81, 0, 0.462, 4),
('COR75BLDEC', 'Cornieres', '75(h)decoupee', 75, 0, 0, 'Blanc', 32, 89, 89, 0, 1.32, 4),
('COR75BRDEC', 'Cornieres', '75(h)decoupee', 75, 0, 0, 'Brun', 32, 83, 83, 0, 1.06, 4),
('COR75GLDEC', 'Cornieres', '75(h)decoupee', 75, 0, 0, 'Galvanise', 32, 84, 84, 0, 1.32, 4),
('COR75NRDEC', 'Cornieres', '75(h)decoupee', 75, 0, 0, 'Noir', 32, 81, 81, 0, 0.92, 4),
('COR92BL', 'Cornieres', '2x42(h)', 92, 0, 0, 'Blanc', 32, 85, 85, 0, 0.86, 4),
('COR92BR', 'Cornieres', '2x42(h)', 92, 0, 0, 'Brun', 32, 83, 83, 0, 0.688, 4),
('COR92GL', 'Cornieres', '2x42(h)', 92, 0, 0, 'Galvanise', 32, 82, 82, 0, 0.86, 4),
('COR92NR', 'Cornieres', '2x42(h)', 92, 0, 0, 'Noir', 32, 87, 87, 0, 0.602, 4),
('COUPEL', 'Coupelles', '6cmDiam', 0, 0, 0, '', 16, 42, 42, 0, 0.005, 2),
('PAG3232BL', 'Panneau GD', '32(h)x32(p)', 32, 32, 0, 'Blanc', 16, 45, 45, 0, 5.12, 2),
('PAG3232BR', 'Panneau GD', '32(h)x32(p)', 32, 32, 0, 'Brun', 16, 44, 44, 0, 4.096, 2),
('PAG3242BL', 'Panneau GD', '32(h)x42(p)', 32, 42, 0, 'Blanc', 16, 50, 50, 0, 6.72, 2),
('PAG3242BR', 'Panneau GD', '32(h)x42(p)', 32, 42, 0, 'Brun', 16, 48, 48, 0, 5.376, 2),
('PAG3252BL', 'Panneau GD', '32(h)x52(p)', 32, 52, 0, 'Blanc', 16, 41, 41, 0, 8.32, 2),
('PAG3252BR', 'Panneau GD', '32(h)x52(p)', 32, 52, 0, 'Brun', 16, 42, 42, 0, 6.656, 2),
('PAG3262BL', 'Panneau GD', '32(h)x62(p)', 32, 62, 0, 'Blanc', 16, 49, 49, 0, 9.92, 2),
('PAG3262BR', 'Panneau GD', '32(h)x62(p)', 32, 62, 0, 'Brun', 16, 41, 41, 0, 7.936, 2),
('PAG4232BL', 'Panneau GD', '42(h)x32(p)', 42, 32, 0, 'Blanc', 16, 49, 49, 0, 6.72, 2),
('PAG4232BR', 'Panneau GD', '42(h)x32(p)', 42, 32, 0, 'Brun', 16, 41, 41, 0, 5.376, 2),
('PAG4242BL', 'Panneau GD', '42(h)x42(p)', 42, 42, 0, 'Blanc', 16, 43, 43, 0, 8.82, 2),
('PAG4242BR', 'Panneau GD', '42(h)x42(p)', 42, 42, 0, 'Brun', 16, 43, 43, 0, 7.056, 2),
('PAG4252BL', 'Panneau GD', '42(h)x52(p)', 42, 52, 0, 'Blanc', 16, 45, 45, 0, 10.92, 2),
('PAG4252BR', 'Panneau GD', '42(h)x52(p)', 42, 52, 0, 'Brun', 16, 47, 47, 0, 8.736, 2),
('PAG4262BL', 'Panneau GD', '42(h)x62(p)', 42, 62, 0, 'Blanc', 16, 43, 43, 0, 13.02, 2),
('PAG4262BR', 'Panneau GD', '42(h)x62(p)', 42, 62, 0, 'Brun', 16, 45, 45, 0, 10.416, 2),
('PAG5232BL', 'Panneau GD', '52(h)x32(p)', 52, 32, 0, 'Blanc', 16, 50, 50, 0, 8.32, 2),
('PAG5232BR', 'Panneau GD', '52(h)x32(p)', 52, 32, 0, 'Brun', 16, 47, 47, 0, 6.656, 2),
('PAG5242BL', 'Panneau GD', '52(h)x42(p)', 52, 42, 0, 'Blanc', 16, 47, 47, 0, 10.92, 2),
('PAG5242BR', 'Panneau GD', '52(h)x42(p)', 52, 42, 0, 'Brun', 16, 49, 49, 0, 8.736, 2),
('PAG5252BL', 'Panneau GD', '52(h)x52(p)', 52, 52, 0, 'Blanc', 16, 47, 47, 0, 13.52, 2),
('PAG5252BR', 'Panneau GD', '52(h)x52(p)', 52, 52, 0, 'Brun', 16, 47, 47, 0, 10.816, 2),
('PAG5262BL', 'Panneau GD', '52(h)x62(p)', 52, 62, 0, 'Blanc', 16, 48, 48, 0, 16.12, 2),
('PAG5262BR', 'Panneau GD', '52(h)x62(p)', 52, 62, 0, 'Brun', 16, 44, 44, 0, 12.896, 2),
('PAH32100BL', 'Panneau HB', '32(p)x100(L)', 0, 32, 100, 'Blanc', 16, 49, 49, 0, 16, 2),
('PAH32100BR', 'Panneau HB', '32(p)x100(L)', 0, 32, 100, 'Brun', 16, 42, 42, 0, 12.8, 2),
('PAH32120BL', 'Panneau HB', '32(p)x120(L)', 0, 32, 120, 'Blanc', 16, 47, 47, 0, 19.2, 2),
('PAH32120BR', 'Panneau HB', '32(p)x120(L)', 0, 32, 120, 'Brun', 16, 50, 50, 0, 15.36, 2),
('PAH3232BL', 'Panneau HB', '32(p)x32(L)', 0, 32, 32, 'Blanc', 16, 50, 50, 0, 5.12, 2),
('PAH3232BR', 'Panneau HB', '32(p)x32(L)', 0, 32, 32, 'Brun', 16, 41, 41, 0, 4.096, 2),
('PAH3242BL', 'Panneau HB', '32(p)x42(L)', 0, 32, 42, 'Blanc', 16, 42, 42, 0, 6.72, 2),
('PAH3242BR', 'Panneau HB', '32(p)x42(L)', 0, 32, 42, 'Brun', 16, 46, 46, 0, 5.376, 2),
('PAH3252BL', 'Panneau HB', '32(p)x52(L)', 0, 32, 52, 'Blanc', 16, 41, 41, 0, 8.32, 2),
('PAH3252BR', 'Panneau HB', '32(p)x52(L)', 0, 32, 52, 'Brun', 16, 48, 48, 0, 6.656, 2),
('PAH3262BL', 'Panneau HB', '32(p)x62(L)', 0, 32, 62, 'Blanc', 16, 44, 44, 0, 9.92, 2),
('PAH3262BR', 'Panneau HB', '32(p)x62(L)', 0, 32, 62, 'Brun', 16, 44, 44, 0, 7.936, 2),
('PAH3280BL', 'Panneau HB', '32(p)x80(L)', 0, 32, 80, 'Blanc', 16, 48, 48, 0, 12.8, 2),
('PAH3280BR', 'Panneau HB', '32(p)x80(L)', 0, 32, 80, 'Brun', 16, 48, 48, 0, 10.24, 2),
('PAH42100BL', 'Panneau HB', '42(p)x100(L)', 0, 42, 100, 'Blanc', 16, 46, 46, 0, 21, 2),
('PAH42100BR', 'Panneau HB', '42(p)x100(L)', 0, 42, 100, 'Brun', 16, 43, 43, 0, 16.8, 2),
('PAH42120BL', 'Panneau HB', '42(p)x120(L)', 0, 42, 120, 'Blanc', 16, 41, 41, 0, 25.2, 2),
('PAH42120BR', 'Panneau HB', '42(p)x120(L)', 0, 42, 120, 'Brun', 16, 45, 45, 0, 20.16, 2),
('PAH4232BL', 'Panneau HB', '42(p)x32(L)', 0, 42, 32, 'Blanc', 16, 43, 43, 0, 6.72, 2),
('PAH4232BR', 'Panneau HB', '42(p)x32(L)', 0, 42, 32, 'Brun', 16, 43, 43, 0, 5.376, 2),
('PAH4242BL', 'Panneau HB', '42(p)x42(L)', 0, 42, 42, 'Blanc', 16, 40, 40, 0, 8.82, 2),
('PAH4242BR', 'Panneau HB', '42(p)x42(L)', 0, 42, 42, 'Brun', 16, 44, 44, 0, 7.056, 2),
('PAH4252BL', 'Panneau HB', '42(p)x52(L)', 0, 42, 52, 'Blanc', 16, 46, 46, 0, 10.92, 2),
('PAH4252BR', 'Panneau HB', '42(p)x52(L)', 0, 42, 52, 'Brun', 16, 46, 46, 0, 8.736, 2),
('PAH4262BL', 'Panneau HB', '42(p)x62(L)', 0, 42, 62, 'Blanc', 16, 45, 45, 0, 13.02, 2),
('PAH4262BR', 'Panneau HB', '42(p)x62(L)', 0, 42, 62, 'Brun', 16, 48, 48, 0, 10.416, 2),
('PAH4280BL', 'Panneau HB', '42(p)x80(L)', 0, 42, 80, 'Blanc', 16, 50, 50, 0, 16.8, 2),
('PAH4280BR', 'Panneau HB', '42(p)x80(L)', 0, 42, 80, 'Brun', 16, 45, 45, 0, 13.44, 2),
('PAH52100BL', 'Panneau HB', '52(p)x100(L)', 0, 52, 100, 'Blanc', 16, 49, 49, 0, 26, 2),
('PAH52100BR', 'Panneau HB', '52(p)x100(L)', 0, 52, 100, 'Brun', 16, 42, 42, 0, 20.8, 2),
('PAH52120BL', 'Panneau HB', '52(p)x120(L)', 0, 52, 120, 'Blanc', 16, 49, 49, 0, 31.2, 2),
('PAH52120BR', 'Panneau HB', '52(p)x120(L)', 0, 52, 120, 'Brun', 16, 49, 49, 0, 24.96, 2),
('PAH5232BL', 'Panneau HB', '52(p)x32(L)', 0, 52, 32, 'Blanc', 16, 45, 45, 0, 8.32, 2),
('PAH5232BR', 'Panneau HB', '52(p)x32(L)', 0, 52, 32, 'Brun', 16, 42, 42, 0, 6.656, 2),
('PAH5242BL', 'Panneau HB', '52(p)x42(L)', 0, 52, 42, 'Blanc', 16, 44, 44, 0, 10.92, 2),
('PAH5242BR', 'Panneau HB', '52(p)x42(L)', 0, 52, 42, 'Brun', 16, 45, 45, 0, 8.736, 2),
('PAH5252BL', 'Panneau HB', '52(p)x52(L)', 0, 52, 52, 'Blanc', 16, 42, 42, 0, 13.52, 2),
('PAH5252BR', 'Panneau HB', '52(p)x52(L)', 0, 52, 52, 'Brun', 16, 43, 43, 0, 10.816, 2),
('PAH5262BL', 'Panneau HB', '52(p)x62(L)', 0, 52, 62, 'Blanc', 16, 46, 46, 0, 16.12, 2),
('PAH5262BR', 'Panneau HB', '52(p)x62(L)', 0, 52, 62, 'Brun', 16, 42, 42, 0, 12.896, 2),
('PAH5280BL', 'Panneau HB', '52(p)x80(L)', 0, 52, 80, 'Blanc', 16, 41, 41, 0, 20.8, 2),
('PAH5280BR', 'Panneau HB', '52(p)x80(L)', 0, 52, 80, 'Brun', 16, 48, 48, 0, 16.64, 2),
('PAH62100BL', 'Panneau HB', '62(p)x100(L)', 0, 62, 100, 'Blanc', 16, 44, 44, 0, 31, 2),
('PAH62100BR', 'Panneau HB', '62(p)x100(L)', 0, 62, 100, 'Brun', 16, 50, 50, 0, 24.8, 2),
('PAH62120BL', 'Panneau HB', '62(p)x120(L)', 0, 62, 120, 'Blanc', 16, 43, 43, 0, 37.2, 2),
('PAH62120BR', 'Panneau HB', '62(p)x120(L)', 0, 62, 120, 'Brun', 16, 45, 45, 0, 29.76, 2),
('PAH6232BL', 'Panneau HB', '62(p)x32(L)', 0, 62, 32, 'Blanc', 16, 44, 44, 0, 9.92, 2),
('PAH6232BR', 'Panneau HB', '62(p)x32(L)', 0, 62, 32, 'Brun', 16, 48, 48, 0, 7.936, 2),
('PAH6242BL', 'Panneau HB', '62(p)x42(L)', 0, 62, 42, 'Blanc', 16, 44, 44, 0, 13.02, 2),
('PAH6242BR', 'Panneau HB', '62(p)x42(L)', 0, 62, 42, 'Brun', 16, 40, 40, 0, 10.416, 2),
('PAH6252BL', 'Panneau HB', '62(p)x52(L)', 0, 62, 52, 'Blanc', 16, 44, 44, 0, 16.12, 2),
('PAH6252BR', 'Panneau HB', '62(p)x52(L)', 0, 62, 52, 'Brun', 16, 45, 45, 0, 12.896, 2),
('PAH6262BL', 'Panneau HB', '62(p)x62(L)', 0, 62, 62, 'Blanc', 16, 46, 46, 0, 19.22, 2),
('PAH6262BR', 'Panneau HB', '62(p)x62(L)', 0, 62, 62, 'Brun', 16, 45, 45, 0, 15.376, 2),
('PAH6280BL', 'Panneau HB', '62(p)x80(L)', 0, 62, 80, 'Blanc', 16, 48, 48, 0, 24.8, 2),
('PAH6280BR', 'Panneau HB', '62(p)x80(L)', 0, 62, 80, 'Brun', 16, 50, 50, 0, 19.84, 2),
('PAR32100BL', 'Panneau Ar', '32(h)x100(L)', 32, 0, 100, 'Blanc', 8, 21, 21, 0, 16, 1),
('PAR32100BR', 'Panneau Ar', '32(h)x100(L)', 32, 0, 100, 'Brun', 8, 23, 23, 0, 12.8, 1),
('PAR32120BL', 'Panneau Ar', '32(h)x120(L)', 32, 0, 120, 'Blanc', 8, 30, 30, 0, 19.2, 1),
('PAR32120BR', 'Panneau Ar', '32(h)x120(L)', 32, 0, 120, 'Brun', 8, 29, 29, 0, 15.36, 1),
('PAR3232BL', 'Panneau Ar', '32(h)x32(L)', 32, 0, 32, 'Blanc', 8, 23, 23, 0, 5.12, 1),
('PAR3232BR', 'Panneau Ar', '32(h)x32(L)', 32, 0, 32, 'Brun', 8, 26, 26, 0, 4.096, 1),
('PAR3242BL', 'Panneau Ar', '32(h)x42(L)', 32, 0, 42, 'Blanc', 8, 29, 29, 0, 6.72, 1),
('PAR3242BR', 'Panneau Ar', '32(h)x42(L)', 32, 0, 42, 'Brun', 8, 21, 21, 0, 5.376, 1),
('PAR3252BL', 'Panneau Ar', '32(h)x52(L)', 32, 0, 52, 'Blanc', 8, 21, 21, 0, 8.32, 1),
('PAR3252BR', 'Panneau Ar', '32(h)x52(L)', 32, 0, 52, 'Brun', 8, 24, 24, 0, 6.656, 1),
('PAR3262BL', 'Panneau Ar', '32(h)x62(L)', 32, 0, 62, 'Blanc', 8, 26, 26, 0, 9.92, 1),
('PAR3262BR', 'Panneau Ar', '32(h)x62(L)', 32, 0, 62, 'Brun', 8, 27, 27, 0, 7.936, 1),
('PAR3280BL', 'Panneau Ar', '32(h)x80(L)', 32, 0, 80, 'Blanc', 8, 25, 25, 0, 12.8, 1),
('PAR3280BR', 'Panneau Ar', '32(h)x80(L)', 32, 0, 80, 'Brun', 8, 29, 29, 0, 10.24, 1),
('PAR42100BL', 'Panneau Ar', '42(h)x100(L)', 42, 0, 100, 'Blanc', 8, 27, 27, 0, 26, 1),
('PAR42100BR', 'Panneau Ar', '42(h)x100(L)', 42, 0, 100, 'Brun', 8, 24, 24, 0, 16.8, 1),
('PAR42120BL', 'Panneau Ar', '42(h)x120(L)', 42, 0, 120, 'Blanc', 8, 30, 30, 0, 31.2, 1),
('PAR42120BR', 'Panneau Ar', '42(h)x120(L)', 42, 0, 120, 'Brun', 8, 21, 21, 0, 20.16, 1),
('PAR4232BL', 'Panneau Ar', '42(h)x32(L)', 42, 0, 32, 'Blanc', 8, 23, 23, 0, 8.32, 1),
('PAR4232BR', 'Panneau Ar', '42(h)x32(L)', 42, 0, 32, 'Brun', 8, 25, 25, 0, 5.376, 1),
('PAR4242BL', 'Panneau Ar', '42(h)x42(L)', 42, 0, 42, 'Blanc', 8, 29, 29, 0, 10.92, 1),
('PAR4242BR', 'Panneau Ar', '42(h)x42(L)', 42, 0, 42, 'Brun', 8, 25, 25, 0, 7.056, 1),
('PAR4252BL', 'Panneau Ar', '42(h)x52(L)', 42, 0, 52, 'Blanc', 8, 24, 24, 0, 13.52, 1),
('PAR4252BR', 'Panneau Ar', '42(h)x52(L)', 42, 0, 52, 'Brun', 8, 26, 26, 0, 8.736, 1),
('PAR4262BL', 'Panneau Ar', '42(h)x62(L)', 42, 0, 62, 'Blanc', 8, 30, 30, 0, 16.12, 1),
('PAR4262BR', 'Panneau Ar', '42(h)x62(L)', 42, 0, 62, 'Brun', 8, 27, 27, 0, 10.416, 1),
('PAR4280BL', 'Panneau Ar', '42(h)x80(L)', 42, 0, 80, 'Blanc', 8, 24, 24, 0, 20.8, 1),
('PAR4280BR', 'Panneau Ar', '42(h)x80(L)', 42, 0, 80, 'Brun', 8, 26, 26, 0, 13.44, 1),
('PAR52100BL', 'Panneau Ar', '52(h)x100(L)', 52, 0, 100, 'Blanc', 8, 27, 27, 0, 26, 1),
('PAR52100BR', 'Panneau Ar', '52(h)x100(L)', 52, 0, 100, 'Brun', 8, 23, 23, 0, 20.8, 1),
('PAR52120BL', 'Panneau Ar', '52(h)x120(L)', 52, 0, 120, 'Blanc', 8, 30, 30, 0, 31.2, 1),
('PAR52120BR', 'Panneau Ar', '52(h)x120(L)', 52, 0, 120, 'Brun', 8, 24, 24, 0, 24.96, 1),
('PAR5232BL', 'Panneau Ar', '52(h)x32(L)', 52, 0, 32, 'Blanc', 8, 28, 28, 0, 8.32, 1),
('PAR5232BR', 'Panneau Ar', '52(h)x32(L)', 52, 0, 32, 'Brun', 8, 22, 22, 0, 6.656, 1),
('PAR5242BL', 'Panneau Ar', '52(h)x42(L)', 52, 0, 42, 'Blanc', 8, 20, 20, 0, 10.92, 1),
('PAR5242BR', 'Panneau Ar', '52(h)x42(L)', 52, 0, 42, 'Brun', 8, 20, 20, 0, 8.736, 1),
('PAR5252BL', 'Panneau Ar', '52(h)x52(L)', 52, 0, 52, 'Blanc', 8, 22, 22, 0, 13.52, 1),
('PAR5252BR', 'Panneau Ar', '52(h)x52(L)', 52, 0, 52, 'Brun', 8, 24, 24, 0, 10.816, 1),
('PAR5262BL', 'Panneau Ar', '52(h)x62(L)', 52, 0, 62, 'Blanc', 8, 28, 28, 0, 16.12, 1),
('PAR5262BR', 'Panneau Ar', '52(h)x62(L)', 52, 0, 62, 'Brun', 8, 28, 28, 0, 12.896, 1),
('PAR5280BL', 'Panneau Ar', '52(h)x80(L)', 52, 0, 80, 'Blanc', 8, 28, 28, 0, 20.8, 1),
('PAR5280BR', 'Panneau Ar', '52(h)x80(L)', 52, 0, 80, 'Brun', 8, 28, 28, 0, 16.64, 1),
('POR3232BL', 'Porte ', '32(h)x32(L)', 32, 0, 32, 'Blanc', 16, 41, 41, 0, 5.12, 2),
('POR3232BR', 'Porte ', '32(h)x32(L)', 32, 0, 32, 'Brun', 16, 46, 46, 0, 5.12, 2),
('POR3232VE', 'Porte ', '32(h)x32(L)', 32, 0, 32, 'Verre', 16, 46, 46, 0, 10.24, 2),
('POR3242BL', 'Porte ', '32(h)x42(L)', 32, 0, 42, 'Blanc', 16, 42, 42, 0, 6.72, 2),
('POR3242BR', 'Porte ', '32(h)x42(L)', 32, 0, 42, 'Brun', 16, 42, 42, 0, 6.72, 2),
('POR3242VE', 'Porte ', '32(h)x42(L)', 32, 0, 42, 'Verre', 16, 50, 50, 0, 13.44, 2),
('POR3252BL', 'Porte ', '32(h)x52(L)', 32, 0, 52, 'Blanc', 16, 46, 46, 0, 8.32, 2),
('POR3252BR', 'Porte ', '32(h)x52(L)', 32, 0, 52, 'Brun', 16, 47, 47, 0, 8.32, 2),
('POR3252VE', 'Porte ', '32(h)x52(L)', 32, 0, 52, 'Verre', 16, 42, 42, 0, 16.64, 2),
('POR3262BL', 'Porte ', '32(h)x62(L)', 32, 0, 62, 'Blanc', 16, 42, 42, 0, 9.92, 2),
('POR3262BR', 'Porte ', '32(h)x62(L)', 32, 0, 62, 'Brun', 16, 40, 40, 0, 9.92, 2),
('POR3262VE', 'Porte ', '32(h)x62(L)', 32, 0, 62, 'Verre', 16, 40, 40, 0, 19.84, 2),
('POR4232BL', 'Porte ', '42(h)x32(L)', 42, 0, 32, 'Blanc', 16, 47, 47, 0, 6.72, 2),
('POR4232BR', 'Porte ', '42(h)x32(L)', 42, 0, 32, 'Brun', 16, 46, 46, 0, 6.72, 2),
('POR4232VE', 'Porte ', '42(h)x32(L)', 42, 0, 32, 'Verre', 16, 43, 43, 0, 13.44, 2),
('POR4242BL', 'Porte ', '42(h)x42(L)', 42, 0, 42, 'Blanc', 16, 44, 44, 0, 8.82, 2),
('POR4242BR', 'Porte ', '42(h)x42(L)', 42, 0, 42, 'Brun', 16, 43, 43, 0, 8.82, 2),
('POR4242VE', 'Porte ', '42(h)x42(L)', 42, 0, 42, 'Verre', 16, 45, 45, 0, 17.64, 2),
('POR4252BL', 'Porte ', '42(h)x52(L)', 42, 0, 52, 'Blanc', 16, 43, 43, 0, 10.92, 2),
('POR4252BR', 'Porte ', '42(h)x52(L)', 42, 0, 52, 'Brun', 16, 46, 46, 0, 10.92, 2),
('POR4252VE', 'Porte ', '42(h)x52(L)', 42, 0, 52, 'Verre', 16, 45, 45, 0, 21.84, 2),
('POR4262BL', 'Porte ', '42(h)x62(L)', 42, 0, 62, 'Blanc', 16, 49, 49, 0, 13.02, 2),
('POR4262BR', 'Porte ', '42(h)x62(L)', 42, 0, 62, 'Brun', 16, 49, 49, 0, 13.02, 2),
('POR4262VE', 'Porte ', '42(h)x62(L)', 42, 0, 62, 'Verre', 16, 48, 48, 0, 26.04, 2),
('POR5232BL', 'Porte ', '52(h)x32(L)', 52, 0, 32, 'Blanc', 16, 47, 47, 0, 8.32, 2),
('POR5232BR', 'Porte ', '52(h)x32(L)', 52, 0, 32, 'Brun', 16, 43, 43, 0, 8.32, 2),
('POR5232VE', 'Porte ', '52(h)x32(L)', 52, 0, 32, 'Verre', 16, 46, 46, 0, 16.64, 2),
('POR5242BL', 'Porte ', '52(h)x42(L)', 52, 0, 42, 'Blanc', 16, 41, 41, 0, 10.92, 2),
('POR5242BR', 'Porte ', '52(h)x42(L)', 52, 0, 42, 'Brun', 16, 45, 45, 0, 10.92, 2),
('POR5242VE', 'Porte ', '52(h)x42(L)', 52, 0, 42, 'Verre', 16, 44, 44, 0, 21.84, 2),
('POR5252BL', 'Porte ', '52(h)x52(L)', 52, 0, 52, 'Blanc', 16, 49, 49, 0, 13.52, 2),
('POR5252BR', 'Porte ', '52(h)x52(L)', 52, 0, 52, 'Brun', 16, 42, 42, 0, 13.52, 2),
('POR5252VE', 'Porte ', '52(h)x52(L)', 52, 0, 52, 'Verre', 16, 47, 47, 0, 27.04, 2),
('POR5262BL', 'Porte ', '52(h)x62(L)', 52, 0, 62, 'Blanc', 16, 40, 40, 0, 16.12, 2),
('POR5262BR', 'Porte ', '52(h)x62(L)', 52, 0, 62, 'Brun', 16, 46, 46, 0, 32.24, 2),
('POR5262VE', 'Porte ', '52(h)x62(L)', 52, 0, 62, 'Verre', 16, 46, 46, 0, 32.24, 2),
('TAS27', 'Tasseau', '27(h32)', 32, 0, 0, '', 32, 83, 83, 0, 0.2, 4),
('TAS37', 'Tasseau', '37(h42)', 42, 0, 0, '', 32, 84, 84, 0, 0.3, 4),
('TAS47', 'Tasseau', '47(h52)', 52, 0, 0, '', 32, 88, 88, 0, 0.4, 4),
('TRF100', 'Traverse Av', '100(L)', 0, 0, 100, '', 16, 48, 48, 0, 2.2, 2),
('TRF120', 'Traverse Av', '120(L)', 0, 0, 120, '', 16, 42, 42, 0, 2.4, 2),
('TRF32', 'Traverse Av', '32(L)', 0, 0, 32, '', 16, 45, 45, 0, 1.5, 2),
('TRF42', 'Traverse Av', '42(L)', 0, 0, 42, '', 16, 43, 43, 0, 1.7, 2),
('TRF52', 'Traverse Av', '52(L)', 0, 0, 52, '', 16, 44, 44, 0, 1.8, 2),
('TRF62', 'Traverse Av', '62(L)', 0, 0, 62, '', 16, 42, 42, 0, 1.9, 2),
('TRF80', 'Traverse Av', '80(L)', 0, 0, 80, '', 16, 44, 44, 0, 2, 2),
('TRG32', 'Traverse GD', '32(p)', 0, 32, 0, '', 32, 82, 82, 0, 1, 4),
('TRG42', 'Traverse GD', '42(p)', 0, 42, 0, '', 32, 83, 83, 0, 1.2, 4),
('TRG52', 'Traverse GD', '52(p)', 0, 52, 0, '', 32, 82, 82, 0, 1.4, 4),
('TRG62', 'Traverse GD', '62(p)', 0, 62, 0, '', 32, 82, 82, 0, 1.6, 4),
('TRR100', 'Traverse Ar', '100(L)', 0, 0, 100, '', 16, 49, 49, 0, 2, 2),
('TRR120', 'Traverse Ar', '120(L)', 0, 0, 120, '', 16, 49, 49, 0, 2.2, 2),
('TRR32', 'Traverse Ar', '32(L)', 0, 0, 32, '', 16, 41, 41, 0, 1, 2),
('TRR42', 'Traverse Ar', '42(L)', 0, 0, 42, '', 16, 44, 44, 0, 1.2, 2),
('TRR52', 'Traverse Ar', '52(L)', 0, 0, 52, '', 16, 44, 44, 0, 1.4, 2),
('TRR62', 'Traverse Ar', '62(L)', 0, 0, 62, '', 16, 44, 44, 0, 1.6, 2),
('TRR80', 'Traverse Ar', '80(L)', 0, 0, 80, '', 16, 45, 45, 0, 1.8, 2);

-- --------------------------------------------------------

--
-- Structure de la table `piececommand`
--

DROP TABLE IF EXISTS `piececommand`;
CREATE TABLE IF NOT EXISTS `piececommand` (
  `num` int(11) NOT NULL AUTO_INCREMENT,
  `code` varchar(20) NOT NULL,
  `idsupp` int(11) NOT NULL,
  `date` timestamp NOT NULL DEFAULT CURRENT_TIMESTAMP,
  `quantity` int(11) NOT NULL,
  `status` varchar(30) NOT NULL DEFAULT 'Commandée',
  PRIMARY KEY (`num`),
  KEY `idsupp` (`idsupp`),
  KEY `code` (`code`)
) ENGINE=InnoDB DEFAULT CHARSET=latin1;

-- --------------------------------------------------------

--
-- Structure de la table `prices`
--

DROP TABLE IF EXISTS `prices`;
CREATE TABLE IF NOT EXISTS `prices` (
  `idsupp` int(11) NOT NULL,
  `code` varchar(20) NOT NULL,
  `supplier_price` float NOT NULL,
  `reprieve` int(11) NOT NULL,
  KEY `idsupp` (`idsupp`),
  KEY `code` (`code`)
) ENGINE=InnoDB DEFAULT CHARSET=latin1;

--
-- Déchargement des données de la table `prices`
--

INSERT INTO `prices` (`idsupp`, `code`, `supplier_price`, `reprieve`) VALUES
(1, 'COR36BL', 0.3, 3),
(1, 'COR46BL', 0.37, 12),
(1, 'COR56BL', 0.46, 3),
(1, 'COR72BL', 0.54, 12),
(1, 'COR92BL', 0.72, 6),
(1, 'COR108BL', 0.85, 7),
(1, 'COR112BL', 0.89, 12),
(1, 'COR138BL', 1.08, 11),
(1, 'COR144BL', 1.08, 3),
(1, 'COR168BL', 1.3, 5),
(1, 'COR180BL', 1.33, 7),
(1, 'COR184BL', 1.36, 3),
(1, 'COR216BL', 1.63, 10),
(1, 'COR224BL', 1.71, 7),
(1, 'COR230BL', 1.71, 4),
(1, 'COR252BL', 1.81, 9),
(1, 'COR276BL', 2.16, 7),
(1, 'COR280BL', 2.3, 10),
(1, 'COR36BR', 0.24, 6),
(1, 'COR46BR', 0.29, 4),
(1, 'COR56BR', 0.38, 9),
(1, 'COR72BR', 0.46, 12),
(1, 'COR92BR', 0.58, 12),
(1, 'COR108BR', 0.69, 7),
(1, 'COR112BR', 0.74, 5),
(1, 'COR138BR', 0.85, 12),
(1, 'COR144BR', 0.82, 11),
(1, 'COR168BR', 1.08, 4),
(1, 'COR180BR', 1.11, 11),
(1, 'COR184BR', 1.2, 5),
(1, 'COR216BR', 1.24, 11),
(1, 'COR224BR', 1.46, 9),
(1, 'COR230BR', 1.44, 6),
(1, 'COR252BR', 1.53, 10),
(1, 'COR276BR', 1.6, 13),
(1, 'COR280BR', 1.84, 10),
(1, 'COR36GL', 0.3, 7),
(1, 'COR46GL', 0.37, 10),
(1, 'COR56GL', 0.48, 8),
(1, 'COR72GL', 0.58, 4),
(1, 'COR92GL', 0.75, 5),
(1, 'COR108GL', 0.84, 6),
(1, 'COR112GL', 0.94, 8),
(1, 'COR138GL', 1.02, 6),
(1, 'COR144GL', 1.13, 12),
(1, 'COR168GL', 1.27, 11),
(1, 'COR180GL', 1.33, 9),
(1, 'COR184GL', 1.46, 11),
(1, 'COR216GL', 1.71, 10),
(1, 'COR224GL', 1.69, 4),
(1, 'COR230GL', 1.73, 9),
(1, 'COR252GL', 1.84, 3),
(1, 'COR276GL', 2.03, 7),
(1, 'COR280GL', 2.26, 13),
(1, 'COR36NR', 0.21, 7),
(1, 'COR46NR', 0.26, 9),
(1, 'COR56NR', 0.34, 6),
(1, 'COR72NR', 0.39, 13),
(1, 'COR92NR', 0.51, 10),
(1, 'COR108NR', 0.55, 13),
(1, 'COR112NR', 0.62, 6),
(1, 'COR138NR', 0.75, 11),
(1, 'COR144NR', 0.8, 5),
(1, 'COR168NR', 0.99, 11),
(1, 'COR180NR', 0.94, 9),
(1, 'COR184NR', 1.04, 6),
(1, 'COR216NR', 1.17, 9),
(1, 'COR224NR', 1.25, 6),
(1, 'COR230NR', 1.28, 11),
(1, 'COR252NR', 1.27, 9),
(1, 'COR276NR', 1.52, 7),
(1, 'COR280NR', 1.49, 8),
(1, 'COUPEL', 0.004, 13),
(1, 'COR50BLDEC', 0.69, 3),
(1, 'COR50BRDEC', 0.57, 9),
(1, 'COR50GLDEC', 0.72, 8),
(1, 'COR50NRDEC', 0.51, 6),
(1, 'COR75BLDEC', 0.81, 12),
(1, 'COR75BRDEC', 0.69, 12),
(1, 'COR75GLDEC', 0.87, 4),
(1, 'COR75NRDEC', 0.59, 13),
(1, 'COR100BLDEC', 1.08, 6),
(1, 'COR100BRDEC', 0.87, 12),
(1, 'COR100GLDEC', 1.13, 5),
(1, 'COR100NRDEC', 0.77, 10),
(1, 'COR125BLDEC', 1.28, 7),
(1, 'COR125BRDEC', 1.04, 7),
(1, 'COR125GLDEC', 1.26, 6),
(1, 'COR125NRDEC', 0.83, 13),
(1, 'COR150BLDEC', 1.62, 11),
(1, 'COR150BRDEC', 1.28, 12),
(1, 'COR150GLDEC', 1.53, 6),
(1, 'COR150NRDEC', 1.13, 11),
(1, 'COR175BLDEC', 1.95, 5),
(1, 'COR175BRDEC', 1.62, 4),
(1, 'COR175GLDEC', 1.91, 11),
(1, 'COR175NRDEC', 1.49, 11),
(1, 'COR200BLDEC', 2.04, 3),
(1, 'COR200BRDEC', 1.8, 5),
(1, 'COR200GLDEC', 2.19, 11),
(1, 'COR200NRDEC', 1.56, 6),
(1, 'COR225BLDEC', 2.45, 10),
(1, 'COR225BRDEC', 1.86, 11),
(1, 'COR225GLDEC', 2.57, 10),
(1, 'COR225NRDEC', 1.76, 9),
(1, 'COR250BLDEC', 2.72, 9),
(1, 'COR250BRDEC', 2.3, 10),
(1, 'COR250GLDEC', 2.76, 3),
(1, 'COR250NRDEC', 1.91, 9),
(1, 'COR275BLDEC', 3.24, 7),
(1, 'COR275BRDEC', 2.4, 13),
(1, 'COR275GLDEC', 3.05, 7),
(1, 'COR275NRDEC', 2.28, 7),
(1, 'COR300BLDEC', 3.45, 10),
(1, 'COR300BRDEC', 2.76, 10),
(1, 'COR300GLDEC', 3.39, 13),
(1, 'COR300NRDEC', 2.24, 8),
(1, 'COR325BLDEC', 3.45, 10),
(1, 'COR325BRDEC', 2.76, 10),
(1, 'COR325GLDEC', 3.39, 13),
(1, 'COR325NRDEC', 2.24, 8),
(1, 'COR350BLDEC', 3.45, 10),
(1, 'COR350BRDEC', 2.76, 10),
(1, 'COR350GLDEC', 3.39, 13),
(1, 'COR350NRDEC', 2.24, 8),
(1, 'COR375BLDEC', 3.45, 10),
(1, 'COR375BRDEC', 2.76, 10),
(1, 'COR375GLDEC', 3.39, 13),
(1, 'COR375NRDEC', 2.24, 8),
(1, 'PAR32100BL', 12.92, 13),
(1, 'PAR32120BL', 15.54, 6),
(1, 'PAR3232BL', 4.24, 10),
(1, 'PAR3242BL', 6, 7),
(1, 'PAR3252BL', 7.36, 7),
(1, 'PAR3262BL', 8.88, 12),
(1, 'PAR3280BL', 10.43, 10),
(1, 'PAR42100BL', 22.63, 6),
(1, 'PAR42120BL', 25.98, 7),
(1, 'PAR4232BL', 7.1, 10),
(1, 'PAR4242BL', 9.82, 4),
(1, 'PAR4252BL', 11.72, 7),
(1, 'PAR4262BL', 13.69, 6),
(1, 'PAR4280BL', 16.86, 6),
(1, 'PAR52100BL', 21.89, 9),
(1, 'PAR52120BL', 26.99, 6),
(1, 'PAR5232BL', 7.32, 5),
(1, 'PAR5242BL', 9.11, 9),
(1, 'PAR5252BL', 10.98, 9),
(1, 'PAR5262BL', 14.09, 11),
(1, 'PAR5280BL', 16.91, 13),
(1, 'PAR32100BR', 11.31, 11),
(1, 'PAR32120BR', 13.31, 5),
(1, 'PAR3232BR', 3.29, 7),
(1, 'PAR3242BR', 4.46, 8),
(1, 'PAR3252BR', 5.65, 4),
(1, 'PAR3262BR', 6.43, 7),
(1, 'PAR3280BR', 8.44, 3),
(1, 'PAR42100BR', 13.61, 13),
(1, 'PAR42120BR', 16.16, 10),
(1, 'PAR4232BR', 4.66, 13),
(1, 'PAR4242BR', 5.73, 10),
(1, 'PAR4252BR', 7.24, 10),
(1, 'PAR4262BR', 9.09, 5),
(1, 'PAR4280BR', 11.33, 4),
(1, 'PAR52100BR', 17.2, 7),
(1, 'PAR52120BR', 19.98, 9),
(1, 'PAR5232BR', 5.99, 9),
(1, 'PAR5242BR', 7.48, 5),
(1, 'PAR5252BR', 9.26, 8),
(1, 'PAR5262BR', 10.67, 8),
(1, 'PAR5280BR', 14.23, 13),
(1, 'PAG3232BL', 4.53, 13),
(1, 'PAG3242BL', 5.82, 10),
(1, 'PAG3252BL', 6.9, 7),
(1, 'PAG3262BL', 8.31, 5),
(1, 'PAG4232BL', 5.46, 11),
(1, 'PAG4242BL', 7.65, 6),
(1, 'PAG4252BL', 9.16, 5),
(1, 'PAG4262BL', 10.93, 7),
(1, 'PAG5232BL', 6.83, 9),
(1, 'PAG5242BL', 9.32, 9),
(1, 'PAG5252BL', 11.51, 6),
(1, 'PAG5262BL', 14.35, 12),
(1, 'PAG3232BR', 3.6, 9),
(1, 'PAG3242BR', 4.47, 6),
(1, 'PAG3252BR', 5.49, 7),
(1, 'PAG3262BR', 6.49, 13),
(1, 'PAG4232BR', 4.42, 9),
(1, 'PAG4242BR', 6.2, 9),
(1, 'PAG4252BR', 7.05, 8),
(1, 'PAG4262BR', 9.29, 4),
(1, 'PAG5232BR', 5.39, 5),
(1, 'PAG5242BR', 7.36, 3),
(1, 'PAG5252BR', 8.81, 11),
(1, 'PAG5262BR', 11, 11),
(1, 'PAH32100BL', 12.97, 6),
(1, 'PAH32120BL', 16.99, 6),
(1, 'PAH3232BL', 4.31, 7),
(1, 'PAH3242BL', 5.41, 4),
(1, 'PAH3252BL', 6.66, 11),
(1, 'PAH3262BL', 8.49, 8),
(1, 'PAH3280BL', 10.73, 11),
(1, 'PAH42100BL', 17.7, 6),
(1, 'PAH42120BL', 22.21, 13),
(1, 'PAH4232BL', 5.71, 3),
(1, 'PAH4242BL', 7.33, 4),
(1, 'PAH4252BL', 9.72, 7),
(1, 'PAH4262BL', 10.91, 11),
(1, 'PAH4280BL', 13.6, 7),
(1, 'PAH52100BL', 23.33, 4),
(1, 'PAH52120BL', 28, 6),
(1, 'PAH5232BL', 7.25, 5),
(1, 'PAH5242BL', 9.46, 12),
(1, 'PAH5252BL', 11.25, 8),
(1, 'PAH5262BL', 13.65, 12),
(1, 'PAH5280BL', 17.55, 7),
(1, 'PAH62100BL', 26.08, 4),
(1, 'PAH62120BL', 33.13, 6),
(1, 'PAH6232BL', 8.92, 11),
(1, 'PAH6242BL', 11.02, 6),
(1, 'PAH6252BL', 14.1, 6),
(1, 'PAH6262BL', 15.86, 12),
(1, 'PAH6280BL', 22.2, 5),
(1, 'PAH32100BR', 11.29, 10),
(1, 'PAH32120BR', 13.3, 9),
(1, 'PAH3232BR', 3.34, 9),
(1, 'PAH3242BR', 4.3, 7),
(1, 'PAH3252BR', 5.67, 11),
(1, 'PAH3262BR', 6.92, 4),
(1, 'PAH3280BR', 8.6, 8),
(1, 'PAH42100BR', 15.01, 4),
(1, 'PAH42120BR', 17.65, 8),
(1, 'PAH4232BR', 4.41, 10),
(1, 'PAH4242BR', 5.92, 9),
(1, 'PAH4252BR', 7.07, 5),
(1, 'PAH4262BR', 9.28, 6),
(1, 'PAH4280BR', 11.02, 12),
(1, 'PAH52100BR', 17.94, 12),
(1, 'PAH52120BR', 20.67, 6),
(1, 'PAH5232BR', 5.44, 8),
(1, 'PAH5242BR', 7.03, 7),
(1, 'PAH5252BR', 9.67, 12),
(1, 'PAH5262BR', 10.83, 6),
(1, 'PAH5280BR', 14.27, 7),
(1, 'PAH62100BR', 21.16, 12),
(1, 'PAH62120BR', 26.55, 12),
(1, 'PAH6232BR', 6.52, 5),
(1, 'PAH6242BR', 9.12, 11),
(1, 'PAH6252BR', 11.56, 10),
(1, 'PAH6262BR', 13.41, 7),
(1, 'PAH6280BR', 17.8, 7),
(1, 'POR3232BL', 4.31, 7),
(1, 'POR3242BL', 5.6, 10),
(1, 'POR3252BL', 6.82, 12),
(1, 'POR3262BL', 7.95, 12),
(1, 'POR4232BL', 5.69, 6),
(1, 'POR4242BL', 7.23, 6),
(1, 'POR4252BL', 9.56, 10),
(1, 'POR4262BL', 11.16, 5),
(1, 'POR5232BL', 7.25, 7),
(1, 'POR5242BL', 9.12, 12),
(1, 'POR5252BL', 11.01, 11),
(1, 'POR5262BL', 13.86, 4),
(1, 'POR3232BR', 4.14, 4),
(1, 'POR3242BR', 5.98, 7),
(1, 'POR3252BR', 7.31, 5),
(1, 'POR3262BR', 8.4, 7),
(1, 'POR4232BR', 5.96, 11),
(1, 'POR4242BR', 7.41, 12),
(1, 'POR4252BR', 9.76, 4),
(1, 'POR4262BR', 11.54, 5),
(1, 'POR5232BR', 7.15, 11),
(1, 'POR5242BR', 8.76, 3),
(1, 'POR5252BR', 11.66, 6),
(1, 'POR5262BR', 25.99, 11),
(1, 'POR3232VE', 8.79, 11),
(1, 'POR3242VE', 11.23, 5),
(1, 'POR3252VE', 13.48, 11),
(1, 'POR3262VE', 17.74, 6),
(1, 'POR4232VE', 11.57, 10),
(1, 'POR4242VE', 15.27, 10),
(1, 'POR4252VE', 19.47, 5),
(1, 'POR4262VE', 20.85, 9),
(1, 'POR5232VE', 13.7, 13),
(1, 'POR5242VE', 18.81, 12),
(1, 'POR5252VE', 23.04, 12),
(1, 'POR5262VE', 27.45, 8),
(1, 'TAS27', 0.17, 10),
(1, 'TAS37', 0.25, 4),
(1, 'TAS47', 0.34, 10),
(1, 'TRR100', 1.67, 10),
(1, 'TRR120', 1.88, 4),
(1, 'TRR32', 0.89, 8),
(1, 'TRR42', 0.98, 10),
(1, 'TRR52', 1.2, 6),
(1, 'TRR62', 1.35, 12),
(1, 'TRR80', 1.52, 3),
(1, 'TRF100', 1.93, 5),
(1, 'TRF120', 1.98, 5),
(1, 'TRF32', 1.32, 8),
(1, 'TRF42', 1.49, 8),
(1, 'TRF52', 1.53, 6),
(1, 'TRF62', 1.63, 8),
(1, 'TRF80', 1.61, 4),
(1, 'TRG32', 0.9, 9),
(1, 'TRG42', 1.01, 4),
(1, 'TRG52', 1.21, 12),
(1, 'TRG62', 1.43, 8),
(2, 'COR36BL', 0.23, 9),
(2, 'COR46BL', 0.3, 9),
(2, 'COR56BL', 0.35, 9),
(2, 'COR72BL', 0.45, 18),
(2, 'COR92BL', 0.6, 18),
(2, 'COR108BL', 0.65, 13),
(2, 'COR112BL', 0.74, 13),
(2, 'COR138BL', 0.8, 14),
(2, 'COR144BL', 0.85, 14),
(2, 'COR168BL', 1.06, 12),
(2, 'COR180BL', 1.02, 9),
(2, 'COR184BL', 1.11, 16),
(2, 'COR216BL', 1.3, 14),
(2, 'COR224BL', 1.33, 10),
(2, 'COR230BL', 1.42, 15),
(2, 'COR252BL', 1.4, 17),
(2, 'COR276BL', 1.64, 14),
(2, 'COR280BL', 1.75, 10),
(2, 'COR36BR', 0.18, 16),
(2, 'COR46BR', 0.24, 9),
(2, 'COR56BR', 0.27, 13),
(2, 'COR72BR', 0.37, 12),
(2, 'COR92BR', 0.43, 8),
(2, 'COR108BR', 0.48, 11),
(2, 'COR112BR', 0.54, 11),
(2, 'COR138BR', 0.64, 15),
(2, 'COR144BR', 0.68, 13),
(2, 'COR168BR', 0.79, 16),
(2, 'COR180BR', 0.8, 9),
(2, 'COR184BR', 0.83, 17),
(2, 'COR216BR', 1.05, 8),
(2, 'COR224BR', 1.14, 11),
(2, 'COR230BR', 1.14, 13),
(2, 'COR252BR', 1.21, 17),
(2, 'COR276BR', 1.28, 13),
(2, 'COR280BR', 1.4, 11),
(2, 'COR36GL', 0.24, 14),
(2, 'COR46GL', 0.27, 14),
(2, 'COR56GL', 0.37, 15),
(2, 'COR72GL', 0.4, 13),
(2, 'COR92GL', 0.52, 12),
(2, 'COR108GL', 0.66, 14),
(2, 'COR112GL', 0.68, 14),
(2, 'COR138GL', 0.88, 11),
(2, 'COR144GL', 0.84, 9),
(2, 'COR168GL', 1.05, 15),
(2, 'COR180GL', 1.05, 9),
(2, 'COR184GL', 1.11, 17),
(2, 'COR216GL', 1.21, 13),
(2, 'COR224GL', 1.38, 16),
(2, 'COR230GL', 1.39, 15),
(2, 'COR252GL', 1.54, 13),
(2, 'COR276GL', 1.53, 17),
(2, 'COR280GL', 1.66, 15),
(2, 'COR36NR', 0.15, 17),
(2, 'COR46NR', 0.2, 11),
(2, 'COR56NR', 0.27, 12),
(2, 'COR72NR', 0.31, 13),
(2, 'COR92NR', 0.38, 14),
(2, 'COR108NR', 0.44, 15),
(2, 'COR112NR', 0.45, 12),
(2, 'COR138NR', 0.55, 13),
(2, 'COR144NR', 0.62, 11),
(2, 'COR168NR', 0.73, 16),
(2, 'COR180NR', 0.7, 11),
(2, 'COR184NR', 0.75, 17),
(2, 'COR216NR', 0.92, 13),
(2, 'COR224NR', 0.88, 13),
(2, 'COR230NR', 0.96, 17),
(2, 'COR252NR', 0.98, 16),
(2, 'COR276NR', 1.18, 12),
(2, 'COR280NR', 1.24, 15),
(2, 'COUPEL', 0.0035, 13),
(2, 'COR50BLDEC', 0.42, 9),
(2, 'COR50BRDEC', 0.32, 13),
(2, 'COR50GLDEC', 0.44, 15),
(2, 'COR50NRDEC', 0.32, 12),
(2, 'COR75BLDEC', 0.54, 18),
(2, 'COR75BRDEC', 0.44, 12),
(2, 'COR75GLDEC', 0.48, 13),
(2, 'COR75NRDEC', 0.37, 13),
(2, 'COR100BLDEC', 0.72, 18),
(2, 'COR100BRDEC', 0.52, 8),
(2, 'COR100GLDEC', 0.62, 12),
(2, 'COR100NRDEC', 0.46, 14),
(2, 'COR125BLDEC', 0.78, 13),
(2, 'COR125BRDEC', 0.58, 11),
(2, 'COR125GLDEC', 0.79, 14),
(2, 'COR125NRDEC', 0.53, 15),
(2, 'COR150BLDEC', 0.96, 14),
(2, 'COR150BRDEC', 0.77, 15),
(2, 'COR150GLDEC', 1.06, 11),
(2, 'COR150NRDEC', 0.66, 13),
(2, 'COR175BLDEC', 1.27, 12),
(2, 'COR175BRDEC', 0.95, 16),
(2, 'COR175GLDEC', 1.26, 15),
(2, 'COR175NRDEC', 0.88, 16),
(2, 'COR200BLDEC', 1.33, 16),
(2, 'COR200BRDEC', 1, 17),
(2, 'COR200GLDEC', 1.33, 17),
(2, 'COR200NRDEC', 0.9, 17),
(2, 'COR225BLDEC', 1.56, 14),
(2, 'COR225BRDEC', 1.26, 8),
(2, 'COR225GLDEC', 1.45, 13),
(2, 'COR225NRDEC', 1.1, 13),
(2, 'COR250BLDEC', 1.68, 17),
(2, 'COR250BRDEC', 1.45, 17),
(2, 'COR250GLDEC', 1.85, 13),
(2, 'COR250NRDEC', 1.18, 16),
(2, 'COR275BLDEC', 1.97, 14),
(2, 'COR275BRDEC', 1.54, 13),
(2, 'COR275GLDEC', 1.84, 17),
(2, 'COR275NRDEC', 1.42, 12),
(2, 'COR300BLDEC', 2.1, 10),
(2, 'COR300BRDEC', 1.68, 11),
(2, 'COR300GLDEC', 1.99, 15),
(2, 'COR300NRDEC', 1.49, 15),
(2, 'COR325BLDEC', 2.1, 10),
(2, 'COR325BRDEC', 1.68, 11),
(2, 'COR325GLDEC', 1.99, 15),
(2, 'COR325NRDEC', 1.49, 15),
(2, 'COR350BLDEC', 2.1, 10),
(2, 'COR350BRDEC', 1.68, 11),
(2, 'COR350GLDEC', 1.99, 15),
(2, 'COR350NRDEC', 1.49, 15),
(2, 'COR375BLDEC', 2.1, 10),
(2, 'COR375BRDEC', 1.68, 11),
(2, 'COR375GLDEC', 1.99, 15),
(2, 'COR375NRDEC', 1.49, 15),
(2, 'PAR32100BL', 9.81, 14),
(2, 'PAR32120BL', 12.31, 10),
(2, 'PAR3232BL', 3.34, 14),
(2, 'PAR3242BL', 4.36, 13),
(2, 'PAR3252BL', 5.51, 14),
(2, 'PAR3262BL', 6.22, 17),
(2, 'PAR3280BL', 8.17, 12),
(2, 'PAR42100BL', 16.3, 11),
(2, 'PAR42120BL', 21.59, 16),
(2, 'PAR4232BL', 5.71, 14),
(2, 'PAR4242BL', 7.03, 9),
(2, 'PAR4252BL', 8.48, 13),
(2, 'PAR4262BL', 10.64, 17),
(2, 'PAR4280BL', 13.83, 8),
(2, 'PAR52100BL', 17.85, 9),
(2, 'PAR52120BL', 20.81, 18),
(2, 'PAR5232BL', 5.33, 17),
(2, 'PAR5242BL', 7.52, 16),
(2, 'PAR5252BL', 8.45, 14),
(2, 'PAR5262BL', 10.72, 15),
(2, 'PAR5280BL', 13.57, 18),
(2, 'PAR32100BR', 8.93, 11),
(2, 'PAR32120BR', 10.09, 17),
(2, 'PAR3232BR', 2.46, 16),
(2, 'PAR3242BR', 3.34, 13),
(2, 'PAR3252BR', 4.28, 10),
(2, 'PAR3262BR', 5.51, 8),
(2, 'PAR3280BR', 6.16, 11),
(2, 'PAR42100BR', 10.12, 15),
(2, 'PAR42120BR', 13.25, 10),
(2, 'PAR4232BR', 3.53, 17),
(2, 'PAR4242BR', 4.71, 15),
(2, 'PAR4252BR', 5.68, 11),
(2, 'PAR4262BR', 6.75, 17),
(2, 'PAR4280BR', 9.41, 17),
(2, 'PAR52100BR', 14.07, 13),
(2, 'PAR52120BR', 16.12, 10),
(2, 'PAR5232BR', 4.11, 10),
(2, 'PAR5242BR', 5.64, 14),
(2, 'PAR5252BR', 6.66, 10),
(2, 'PAR5262BR', 8.46, 15),
(2, 'PAR5280BR', 10.31, 17),
(2, 'PAG3232BL', 3.43, 12),
(2, 'PAG3242BL', 4.12, 12),
(2, 'PAG3252BL', 5.62, 10),
(2, 'PAG3262BL', 6.31, 10),
(2, 'PAG4232BL', 4.3, 9),
(2, 'PAG4242BL', 5.79, 14),
(2, 'PAG4252BL', 7.09, 10),
(2, 'PAG4262BL', 9.06, 17),
(2, 'PAG5232BL', 5.71, 11),
(2, 'PAG5242BL', 7.05, 12),
(2, 'PAG5252BL', 9.44, 9),
(2, 'PAG5262BL', 10.43, 17),
(2, 'PAG3232BR', 2.52, 17),
(2, 'PAG3242BR', 3.28, 10),
(2, 'PAG3252BR', 4.25, 11),
(2, 'PAG3262BR', 4.9, 9),
(2, 'PAG4232BR', 3.58, 15),
(2, 'PAG4242BR', 4.84, 8),
(2, 'PAG4252BR', 5.98, 14),
(2, 'PAG4262BR', 6.91, 15),
(2, 'PAG5232BR', 4.62, 14),
(2, 'PAG5242BR', 5.55, 16),
(2, 'PAG5252BR', 7.27, 9),
(2, 'PAG5262BR', 8.75, 13),
(2, 'PAH32100BL', 11.07, 15),
(2, 'PAH32120BL', 12.39, 11),
(2, 'PAH3232BL', 3.33, 14),
(2, 'PAH3242BL', 4.33, 17),
(2, 'PAH3252BL', 5.31, 17),
(2, 'PAH3262BL', 6.31, 14),
(2, 'PAH3280BL', 8.22, 13),
(2, 'PAH42100BL', 14.3, 10),
(2, 'PAH42120BL', 16.22, 10),
(2, 'PAH4232BL', 4.55, 17),
(2, 'PAH4242BL', 5.95, 18),
(2, 'PAH4252BL', 6.95, 13),
(2, 'PAH4262BL', 8.55, 10),
(2, 'PAH4280BL', 11.46, 12),
(2, 'PAH52100BL', 18.15, 15),
(2, 'PAH52120BL', 20.47, 16),
(2, 'PAH5232BL', 5.06, 8),
(2, 'PAH5242BL', 7.32, 12),
(2, 'PAH5252BL', 8.46, 14),
(2, 'PAH5262BL', 11.02, 12),
(2, 'PAH5280BL', 12.67, 12),
(2, 'PAH62100BL', 20.87, 16),
(2, 'PAH62120BL', 25.73, 17),
(2, 'PAH6232BL', 6.76, 14),
(2, 'PAH6242BL', 8.38, 17),
(2, 'PAH6252BL', 9.68, 12),
(2, 'PAH6262BL', 12.92, 14),
(2, 'PAH6280BL', 15.1, 10),
(2, 'PAH32100BR', 7.77, 9),
(2, 'PAH32120BR', 10.73, 14),
(2, 'PAH3232BR', 2.64, 14),
(2, 'PAH3242BR', 3.61, 16),
(2, 'PAH3252BR', 4.51, 15),
(2, 'PAH3262BR', 4.94, 11),
(2, 'PAH3280BR', 6.2, 17),
(2, 'PAH42100BR', 10.23, 8),
(2, 'PAH42120BR', 12.4, 15),
(2, 'PAH4232BR', 3.34, 9),
(2, 'PAH4242BR', 4.7, 11),
(2, 'PAH4252BR', 5.87, 16),
(2, 'PAH4262BR', 7.11, 16),
(2, 'PAH4280BR', 8.22, 10),
(2, 'PAH52100BR', 14.2, 14),
(2, 'PAH52120BR', 16.37, 8),
(2, 'PAH5232BR', 4.12, 10),
(2, 'PAH5242BR', 5.48, 15),
(2, 'PAH5252BR', 6.51, 14),
(2, 'PAH5262BR', 8.75, 17),
(2, 'PAH5280BR', 10.38, 9),
(2, 'PAH62100BR', 15.11, 17),
(2, 'PAH62120BR', 18.22, 9),
(2, 'PAH6232BR', 5.12, 17),
(2, 'PAH6242BR', 6.39, 16),
(2, 'PAH6252BR', 8.04, 10),
(2, 'PAH6262BR', 10.41, 12),
(2, 'PAH6280BR', 12.21, 18),
(2, 'POR3232BL', 3.14, 8),
(2, 'POR3242BL', 4.35, 14),
(2, 'POR3252BL', 5.53, 13),
(2, 'POR3262BL', 6.88, 14),
(2, 'POR4232BL', 4.2, 17),
(2, 'POR4242BL', 5.84, 13),
(2, 'POR4252BL', 6.67, 10),
(2, 'POR4262BL', 8.23, 11),
(2, 'POR5232BL', 5.23, 16),
(2, 'POR5242BL', 6.96, 14),
(2, 'POR5252BL', 8.29, 10),
(2, 'POR5262BL', 10.95, 13),
(2, 'POR3232BR', 3.45, 8),
(2, 'POR3242BR', 4.68, 13),
(2, 'POR3252BR', 5.4, 14),
(2, 'POR3262BR', 5.97, 17),
(2, 'POR4232BR', 4.43, 11),
(2, 'POR4242BR', 5.75, 15),
(2, 'POR4252BR', 7.15, 12),
(2, 'POR4262BR', 7.83, 17),
(2, 'POR5232BR', 5.24, 13),
(2, 'POR5242BR', 6.97, 10),
(2, 'POR5252BR', 8.43, 12),
(2, 'POR5262BR', 21.36, 10),
(2, 'POR3232VE', 6.3, 16),
(2, 'POR3242VE', 9, 14),
(2, 'POR3252VE', 11.53, 15),
(2, 'POR3262VE', 13.05, 10),
(2, 'POR4232VE', 8.72, 18),
(2, 'POR4242VE', 10.7, 15),
(2, 'POR4252VE', 14.89, 15),
(2, 'POR4262VE', 18.22, 15),
(2, 'POR5232VE', 11.12, 9),
(2, 'POR5242VE', 14.55, 15),
(2, 'POR5252VE', 17.02, 11),
(2, 'POR5262VE', 20.61, 17),
(2, 'TAS27', 0.13, 14),
(2, 'TAS37', 0.19, 8),
(2, 'TAS47', 0.24, 10),
(2, 'TRR100', 1.26, 10),
(2, 'TRR120', 1.38, 10),
(2, 'TRR32', 0.69, 10),
(2, 'TRR42', 0.75, 10),
(2, 'TRR52', 0.94, 10),
(2, 'TRR62', 1.11, 10),
(2, 'TRR80', 1.16, 11),
(2, 'TRF100', 1.48, 12),
(2, 'TRF120', 1.63, 8),
(2, 'TRF32', 1.05, 16),
(2, 'TRF42', 1.17, 14),
(2, 'TRF52', 1.2, 9),
(2, 'TRF62', 1.28, 16),
(2, 'TRF80', 1.21, 12),
(2, 'TRG32', 0.63, 11),
(2, 'TRG42', 0.76, 17),
(2, 'TRG52', 0.85, 14),
(2, 'TRG62', 0.98, 12);

-- --------------------------------------------------------

--
-- Structure de la table `supplier`
--

DROP TABLE IF EXISTS `supplier`;
CREATE TABLE IF NOT EXISTS `supplier` (
  `idsupp` int(11) NOT NULL AUTO_INCREMENT,
  `name` varchar(100) NOT NULL,
  `adress` varchar(50) NOT NULL,
  `zip` int(11) NOT NULL,
  `city` varchar(50) NOT NULL,
  PRIMARY KEY (`idsupp`)
) ENGINE=InnoDB AUTO_INCREMENT=3 DEFAULT CHARSET=latin1;

--
-- Déchargement des données de la table `supplier`
--

INSERT INTO `supplier` (`idsupp`, `name`, `adress`, `zip`, `city`) VALUES
(1, 'Les Artisans du Bois', 'Parc industriel 9', 6124, 'MARBEHAN'),
(2, 'Ebénistes réunis', 'Chemin des 2 Maisons 140', 5150, 'Floriffoux');

--
-- Contraintes pour les tables déchargées
--

--
-- Contraintes pour la table `client_command`
--
ALTER TABLE `client_command`
  ADD CONSTRAINT `client_command_ibfk_1` FOREIGN KEY (`idclient`) REFERENCES `client` (`idclient`);

--
-- Contraintes pour la table `client_piecescommand`
--
ALTER TABLE `client_piecescommand`
  ADD CONSTRAINT `client_piecescommand_ibfk_1` FOREIGN KEY (`idcom`) REFERENCES `client_command` (`idcom`),
  ADD CONSTRAINT `client_piecescommand_ibfk_2` FOREIGN KEY (`code`) REFERENCES `piece` (`code`);

--
-- Contraintes pour la table `piececommand`
--
ALTER TABLE `piececommand`
  ADD CONSTRAINT `piececommand_ibfk_1` FOREIGN KEY (`idsupp`) REFERENCES `supplier` (`idsupp`),
  ADD CONSTRAINT `piececommand_ibfk_2` FOREIGN KEY (`code`) REFERENCES `piece` (`code`);

--
-- Contraintes pour la table `prices`
--
ALTER TABLE `prices`
  ADD CONSTRAINT `prices_ibfk_1` FOREIGN KEY (`idsupp`) REFERENCES `supplier` (`idsupp`),
  ADD CONSTRAINT `prices_ibfk_2` FOREIGN KEY (`code`) REFERENCES `piece` (`code`);
COMMIT;

/*!40101 SET CHARACTER_SET_CLIENT=@OLD_CHARACTER_SET_CLIENT */;
/*!40101 SET CHARACTER_SET_RESULTS=@OLD_CHARACTER_SET_RESULTS */;
/*!40101 SET COLLATION_CONNECTION=@OLD_COLLATION_CONNECTION */;
